student,exam
0,53
0,70
0,83
1,37
1,65
1,79
2,14
2,28
2,48
2,83
2,85
3,4
3,33
3,61
3,98
4,6
4,26
4,40
4,94
5,0
5,3
5,44
5,58
6,51
6,68
6,78
7,6
7,59
7,80
8,10
8,36
8,64
8,85
8,92
8,96
9,17
9,34
9,76
10,19
10,45
10,48
11,9
11,74
11,97
12,24
12,30
12,60
12,68
13,3
13,12
13,15
13,40
14,5
14,37
14,79
15,6
15,26
15,30
15,64
16,15
16,18
16,47
16,60
16,68
16,72
17,4
17,27
17,69
17,97
18,0
18,10
18,42
18,62
18,67
18,84
19,6
19,24
19,54
19,57
19,84
20,19
20,38
20,39
21,5
21,13
21,84
21,88
22,0
22,62
22,71
22,78
22,89
22,96
23,10
23,28
23,33
23,52
23,82
24,11
24,24
24,46
24,58
24,90
25,25
25,38
25,77
25,89
26,27
26,47
26,64
26,86
27,7
27,11
27,39
27,71
27,94
28,37
28,70
28,89
29,16
29,28
29,45
30,9
30,30
30,48
30,53
30,71
30,92
31,9
31,66
31,85
32,28
32,30
32,65
32,66
32,92
33,12
33,25
33,42
33,57
33,59
34,19
34,39
34,61
34,62
34,98
35,17
35,70
35,73
36,6
36,36
36,50
36,59
36,67
36,83
37,19
37,26
37,29
38,20
38,22
38,38
38,60
38,81
38,83
39,26
39,39
39,66
40,24
40,33
40,43
40,47
40,71
41,4
41,6
41,7
41,62
41,80
42,35
42,37
42,51
42,89
43,13
43,63
43,67
44,30
44,43
44,71
45,3
45,64
45,92
45,96
46,54
46,81
46,85
46,87
46,93
47,33
47,36
47,52
48,25
48,39
48,84
48,87
49,1
49,64
49,81
50,4
50,29
50,40
50,69
50,84
50,85
51,4
51,6
51,78
51,87
51,89
52,14
52,52
52,58
52,60
52,69
52,75
53,3
53,6
53,15
53,32
53,50
54,24
54,50
54,56
54,87
55,0
55,7
55,19
55,23
55,51
56,0
56,34
56,59
56,83
56,89
57,2
57,5
57,22
57,60
58,25
58,36
58,70
58,74
58,85
59,63
59,78
59,79
60,47
60,48
60,70
60,89
61,26
61,29
61,80
61,86
62,14
62,37
62,39
62,66
63,3
63,12
63,38
63,79
63,80
63,95
64,26
64,31
64,37
64,64
64,71
64,95
65,11
65,12
65,74
65,86
65,93
66,14
66,25
66,48
66,91
67,27
67,35
67,45
67,72
67,74
68,23
68,59
68,74
69,38
69,66
69,68
69,93
70,38
70,94
70,95
71,15
71,44
71,54
71,64
71,74
72,19
72,42
72,47
72,69
72,73
72,85
73,18
73,20
73,46
73,72
73,89
74,34
74,53
74,99
75,7
75,30
75,48
75,95
76,23
76,39
76,68
76,73
76,74
77,17
77,23
77,27
77,43
78,7
78,13
78,29
78,64
78,66
78,90
79,24
79,34
79,41
79,48
79,85
79,87
80,5
80,7
80,8
80,26
80,39
80,51
81,22
81,33
81,65
81,71
82,3
82,5
82,13
82,50
82,75
83,19
83,31
83,54
83,62
84,23
84,57
84,70
84,94
85,50
85,58
85,67
85,72
85,90
86,5
86,49
86,50
86,79
86,90
86,92
87,2
87,15
87,18
87,35
87,38
87,95
88,15
88,23
88,35
88,58
88,99
89,2
89,18
89,83
89,94
90,2
90,3
90,20
90,53
91,2
91,7
91,13
91,40
91,68
91,70
92,34
92,46
92,48
93,13
93,15
93,18
94,24
94,72
94,90
95,2
95,10
95,38
95,44
96,37
96,56
96,66
96,74
97,0
97,48
97,50
97,59
97,60
97,98
98,20
98,44
98,81
99,30
99,33
99,55
99,66
99,73
99,77
100,4
100,35
100,49
100,55
100,79
100,94
101,10
101,11
101,13
101,38
101,66
101,68
102,11
102,53
102,69
102,86
102,98
103,22
103,34
103,74
104,7
104,19
104,67
105,33
105,81
105,90
105,98
105,99
106,39
106,40
106,45
106,47
106,97
107,27
107,34
107,35
108,27
108,74
108,78
108,89
108,95
109,2
109,4
109,29
109,32
109,62
109,94
110,7
110,14
110,50
110,80
111,13
111,24
111,26
111,32
111,52
111,71
112,21
112,49
112,61
113,8
113,21
113,54
113,57
113,68
114,18
114,39
114,77
114,89
115,23
115,37
115,43
116,7
116,15
116,38
116,43
116,88
117,48
117,56
117,79
117,80
118,1
118,9
118,57
118,82
119,9
119,11
119,20
119,22
119,60
120,27
120,48
120,51
120,73
121,15
121,39
121,74
122,35
122,38
122,73
122,74
122,89
123,28
123,31
123,41
123,44
123,58
123,91
124,3
124,17
124,29
125,21
125,53
125,86
126,29
126,34
126,78
126,84
126,93
127,30
127,43
127,46
127,61
127,83
128,31
128,60
128,67
128,96
129,21
129,70
129,99
130,0
130,3
130,37
130,84
131,50
131,70
131,76
132,19
132,51
132,71
133,1
133,49
133,50
133,68
133,77
133,91
134,24
134,76
134,94
135,19
135,41
135,52
135,80
136,10
136,15
136,50
136,56
137,19
137,27
137,38
137,66
137,71
137,88
138,72
138,74
138,77
138,91
139,44
139,50
139,79
139,91
139,97
140,7
140,24
140,43
140,54
140,85
140,93
141,8
141,51
141,88
141,93
142,4
142,27
142,47
142,79
143,22
143,36
143,60
143,63
143,75
144,16
144,21
144,31
144,38
144,39
144,56
145,9
145,28
145,45
145,81
145,99
146,10
146,26
146,51
146,60
146,90
146,92
147,18
147,41
147,50
147,68
147,87
147,89
148,13
148,49
148,62
149,11
149,66
149,73
149,89
150,37
150,48
150,62
150,72
151,30
151,37
151,78
152,6
152,13
152,50
152,53
152,96
153,75
153,85
153,98
154,23
154,38
154,42
154,45
155,11
155,13
155,29
155,68
156,0
156,15
156,61
157,8
157,39
157,45
158,1
158,48
158,78
159,5
159,11
159,28
159,97
160,59
160,61
160,97
161,27
161,55
161,56
162,19
162,33
162,34
162,60
162,80
163,15
163,40
163,48
164,4
164,19
164,52
164,93
165,44
165,64
165,67
165,76
165,99
166,0
166,20
166,21
166,37
166,39
166,74
167,41
167,50
167,77
167,97
168,15
168,28
168,49
168,88
169,23
169,44
169,51
169,71
169,87
169,92
170,3
170,20
170,72
170,94
171,26
171,28
171,48
171,60
171,67
171,84
172,33
172,46
172,64
172,73
172,85
172,90
173,12
173,39
173,52
173,76
174,13
174,65
174,72
175,2
175,36
175,45
176,9
176,26
176,50
176,52
176,54
176,72
177,1
177,6
177,55
177,57
177,93
178,5
178,15
178,22
178,54
178,67
178,86
179,23
179,25
179,49
179,59
179,68
179,72
180,9
180,12
180,38
180,44
180,56
180,79
181,1
181,20
181,89
182,12
182,31
182,58
183,84
183,88
183,93
184,26
184,44
184,66
184,72
184,89
184,93
185,43
185,57
185,79
185,82
185,85
186,77
186,78
186,82
187,26
187,58
187,68
187,69
188,38
188,48
188,84
188,86
189,2
189,15
189,23
189,89
190,49
190,54
190,55
190,60
190,82
190,90
191,30
191,51
191,62
191,89
192,13
192,24
192,28
192,31
192,42
192,65
193,9
193,24
193,32
193,42
194,18
194,40
194,56
194,58
194,75
195,5
195,19
195,63
195,72
195,76
195,99
196,11
196,41
196,71
196,84
197,16
197,47
197,53
198,15
198,21
198,26
198,43
198,84
198,95
199,36
199,57
199,70
200,59
200,66
200,76
201,13
201,31
201,68
202,4
202,45
202,65
203,9
203,20
203,71
203,93
204,25
204,32
204,52
204,61
205,14
205,19
205,44
205,77
205,79
205,91
206,9
206,24
206,52
206,71
206,85
206,87
207,16
207,28
207,67
207,93
207,97
207,98
208,34
208,57
208,83
208,97
209,7
209,43
209,48
209,52
209,77
209,83
210,2
210,23
210,43
211,48
211,59
211,61
211,72
212,13
212,60
212,77
212,78
212,82
212,96
213,53
213,64
213,82
214,10
214,21
214,26
214,52
214,61
214,78
215,22
215,27
215,51
215,91
215,94
216,5
216,31
216,34
216,66
216,96
216,99
217,1
217,44
217,48
217,81
217,88
218,4
218,36
218,59
218,62
218,64
218,68
219,0
219,6
219,13
219,31
219,63
219,95
220,10
220,41
220,64
220,67
221,15
221,21
221,63
221,78
222,15
222,25
222,63
222,67
222,88
223,0
223,42
223,69
223,81
224,14
224,47
224,77
225,10
225,34
225,94
226,28
226,87
226,90
226,93
226,95
227,21
227,42
227,93
228,15
228,76
228,81
229,26
229,27
229,52
229,56
229,59
229,67
230,7
230,54
230,83
230,93
231,51
231,70
231,71
232,15
232,34
232,76
233,21
233,40
233,70
233,78
234,51
234,66
234,86
235,8
235,45
235,48
236,28
236,52
236,54
236,68
237,7
237,19
237,23
237,32
237,34
237,85
238,19
238,21
238,56
239,13
239,38
239,45
239,64
240,51
240,66
240,99
241,22
241,70
241,94
242,3
242,8
242,9
242,11
242,61
242,74
243,8
243,10
243,32
243,37
243,40
244,23
244,45
244,58
244,92
244,94
245,18
245,26
245,35
245,67
246,12
246,28
246,30
246,47
246,82
247,20
247,62
247,77
247,80
248,43
248,53
248,62
248,66
248,82
249,7
249,27
249,53
249,76
249,92
249,98
250,1
250,45
250,85
250,89
251,1
251,23
251,41
251,54
251,76
252,28
252,37
252,42
252,60
252,88
252,97
253,3
253,25
253,35
253,54
253,57
254,19
254,41
254,74
255,31
255,32
255,88
256,10
256,16
256,31
256,41
256,67
256,76
257,1
257,79
257,85
258,15
258,35
258,43
259,17
259,59
259,68
259,86
260,22
260,42
260,54
260,72
260,85
261,13
261,21
261,66
261,77
262,25
262,36
262,57
262,90
262,97
263,26
263,60
263,73
264,4
264,46
264,58
264,81
265,3
265,6
265,7
265,10
265,72
266,5
266,43
266,57
266,78
266,81
267,8
267,43
267,69
267,88
268,29
268,30
268,41
268,46
268,62
268,91
269,7
269,8
269,14
269,33
269,86
270,29
270,57
270,77
271,0
271,8
271,53
271,55
271,70
272,7
272,16
272,84
273,28
273,73
273,90
273,99
274,19
274,20
274,46
274,76
274,93
275,13
275,41
275,89
276,56
276,69
276,82
277,32
277,39
277,44
277,58
278,35
278,56
278,63
278,87
278,94
279,36
279,48
279,76
279,88
279,97
280,13
280,42
280,43
280,85
281,19
281,43
281,52
281,71
281,74
282,40
282,59
282,85
282,97
283,27
283,68
283,84
283,88
283,97
284,16
284,60
284,69
284,86
284,89
284,95
285,19
285,31
285,67
285,76
285,91
286,0
286,13
286,15
287,4
287,9
287,12
288,23
288,24
288,41
288,68
288,70
288,75
289,6
289,21
289,55
289,63
289,65
290,42
290,62
290,91
291,0
291,63
291,78
292,2
292,17
292,43
292,70
292,81
293,11
293,20
293,39
293,79
294,8
294,44
294,69
294,76
294,84
295,2
295,4
295,12
295,77
296,16
296,18
296,23
296,24
296,27
296,35
297,2
297,65
297,82
297,88
297,90
297,93
298,30
298,33
298,54
299,51
299,76
299,88
300,11
300,24
300,92
301,16
301,26
301,43
301,93
302,17
302,39
302,93
303,6
303,43
303,73
303,75
303,79
304,19
304,61
304,71
304,99
305,19
305,48
305,49
305,64
305,86
305,93
306,2
306,41
306,65
306,94
307,42
307,50
307,56
308,17
308,45
308,54
308,55
308,66
309,24
309,30
309,57
309,65
309,73
310,53
310,71
310,98
311,39
311,45
311,47
311,67
311,89
312,41
312,45
312,62
312,74
313,24
313,42
313,59
313,64
314,66
314,71
314,96
315,1
315,6
315,61
315,74
315,93
316,1
316,3
316,26
316,34
316,46
316,65
317,35
317,44
317,73
317,74
318,33
318,34
318,38
318,78
319,5
319,6
319,8
319,21
320,14
320,25
320,28
320,54
321,15
321,18
321,20
321,23
321,50
321,64
322,33
322,52
322,62
323,3
323,27
323,45
323,85
324,2
324,32
324,70
324,94
324,95
325,6
325,19
325,44
325,58
325,90
325,98
326,12
326,48
326,65
326,87
327,13
327,16
327,29
327,75
327,92
328,34
328,36
328,70
328,90
329,19
329,57
329,86
330,3
330,30
330,45
330,52
330,71
330,93
331,48
331,69
331,92
332,6
332,34
332,53
332,63
332,81
332,87
333,1
333,17
333,27
333,46
334,23
334,39
334,65
334,74
335,7
335,25
335,49
335,55
335,79
335,81
336,26
336,51
336,66
336,82
336,99
337,13
337,53
337,69
337,81
337,88
338,11
338,43
338,65
338,80
339,31
339,42
339,85
339,86
340,17
340,26
340,76
341,29
341,35
341,43
341,44
342,0
342,1
342,43
342,60
342,78
342,82
343,2
343,6
343,19
343,82
343,93
344,13
344,74
344,78
344,89
344,90
345,21
345,34
345,45
346,15
346,37
346,58
346,66
346,96
347,33
347,38
347,67
347,90
347,92
348,0
348,27
348,46
348,66
348,76
348,86
349,8
349,10
349,33
349,61
349,92
350,1
350,27
350,37
351,43
351,53
351,85
352,1
352,30
352,34
352,63
352,94
353,40
353,71
353,85
353,87
354,5
354,17
354,62
354,68
354,93
355,62
355,63
355,86
356,32
356,60
356,76
357,6
357,29
357,33
357,42
357,80
357,96
358,7
358,24
358,41
358,86
358,95
359,58
359,61
359,64
359,84
359,86
360,15
360,56
360,70
360,84
360,87
360,89
361,7
361,12
361,16
362,3
362,16
362,24
362,47
362,81
362,88
363,22
363,53
363,67
363,73
364,31
364,42
364,44
364,65
364,72
365,55
365,77
365,89
366,8
366,13
366,42
366,60
366,71
366,80
367,20
367,56
367,69
368,11
368,44
368,51
368,53
369,23
369,28
369,44
369,57
369,85
370,3
370,8
370,58
370,69
370,76
370,98
371,2
371,7
371,13
372,32
372,62
372,66
372,72
372,88
373,35
373,47
373,79
373,92
373,95
374,26
374,27
374,67
375,17
375,39
375,76
375,80
375,99
376,18
376,22
376,40
376,53
376,60
377,3
377,32
377,42
377,68
377,91
377,94
378,7
378,18
378,22
378,89
378,98
379,2
379,7
379,8
379,27
379,33
379,55
380,41
380,45
380,78
380,80
380,97
381,9
381,36
381,91
381,98
382,11
382,14
382,66
382,99
383,20
383,21
383,40
383,62
383,93
383,94
384,24
384,33
384,61
384,82
384,93
384,95
385,28
385,30
385,58
385,77
386,18
386,36
386,48
386,76
386,79
387,54
387,66
387,68
387,73
387,77
387,78
388,13
388,48
388,88
389,4
389,42
389,50
389,53
389,99
390,21
390,29
390,40
390,46
390,57
391,10
391,19
391,45
391,92
392,3
392,14
392,36
392,41
392,57
392,67
393,17
393,21
393,48
393,70
393,83
394,0
394,29
394,30
394,52
394,53
394,82
395,33
395,35
395,49
395,50
395,73
395,89
396,16
396,57
396,61
396,63
396,69
396,78
397,5
397,41
397,67
397,99
398,7
398,13
398,29
398,31
398,79
398,92
399,2
399,21
399,58
399,94
400,46
400,49
400,93
401,15
401,56
401,68
401,89
401,93
402,1
402,48
402,51
402,82
402,90
403,21
403,72
403,80
404,21
404,41
404,43
404,80
405,4
405,9
405,36
405,58
405,97
406,9
406,53
406,77
406,88
407,21
407,27
407,71
407,89
408,20
408,38
408,69
408,83
409,19
409,26
409,60
410,7
410,85
410,92
411,5
411,84
411,88
411,98
412,21
412,40
412,47
412,54
412,62
412,78
413,36
413,55
413,79
414,0
414,3
414,26
414,34
414,36
414,78
415,5
415,8
415,32
415,49
415,58
415,69
416,31
416,43
416,50
416,99
417,29
417,34
417,35
417,51
417,59
417,88
418,22
418,26
418,45
418,52
418,70
418,93
419,3
419,26
419,52
419,55
419,67
419,71
420,21
420,42
420,76
420,81
421,2
421,60
421,66
421,70
422,41
422,56
422,86
423,25
423,50
423,96
424,21
424,59
424,63
424,74
424,82
424,99
425,52
425,70
425,71
425,74
426,11
426,54
426,83
426,98
427,29
427,43
427,64
427,76
427,87
427,94
428,76
428,78
428,98
429,7
429,19
429,53
429,93
430,36
430,57
430,97
431,9
431,61
431,62
431,64
431,77
431,81
432,18
432,51
432,81
432,99
433,4
433,20
433,35
433,44
433,78
433,94
434,13
434,29
434,48
434,87
434,93
435,4
435,28
435,45
435,46
435,58
435,95
436,9
436,15
436,64
436,72
436,82
436,89
437,16
437,40
437,45
437,48
437,69
437,96
438,36
438,48
438,50
438,54
439,26
439,34
439,45
439,51
439,55
439,95
440,7
440,33
440,51
440,73
440,76
440,93
441,0
441,18
441,46
441,49
441,87
442,4
442,16
442,55
442,74
443,46
443,51
443,64
443,82
443,96
444,18
444,28
444,33
444,42
444,70
444,77
445,0
445,13
445,48
445,50
446,64
446,67
446,85
446,94
446,96
447,2
447,22
447,49
447,92
447,95
447,98
448,1
448,25
448,74
449,5
449,27
449,38
449,79
449,94
450,4
450,25
450,51
450,73
451,1
451,4
451,24
451,39
451,72
452,17
452,20
452,22
452,60
452,83
453,3
453,41
453,60
453,63
453,89
454,49
454,50
454,89
455,7
455,39
455,95
455,96
456,45
456,48
456,67
456,76
457,52
457,69
457,81
457,88
458,28
458,51
458,53
458,68
458,78
458,87
459,13
459,75
459,76
459,82
460,43
460,50
460,61
460,94
461,40
461,53
461,77
462,5
462,29
462,33
462,46
462,48
462,55
463,23
463,62
463,66
463,81
463,83
463,94
464,33
464,41
464,69
464,79
464,80
465,17
465,38
465,48
465,50
465,60
465,94
466,5
466,8
466,18
466,60
466,66
466,67
467,24
467,44
467,53
468,19
468,55
468,82
468,83
469,6
469,20
469,47
469,61
469,67
469,90
470,22
470,30
470,57
470,64
470,85
470,98
471,33
471,76
471,83
472,21
472,33
472,71
472,72
472,81
472,85
473,4
473,39
473,55
473,72
473,74
473,86
474,19
474,22
474,69
475,12
475,15
475,31
475,37
475,52
476,31
476,54
476,56
476,64
476,81
477,20
477,39
477,42
477,46
477,88
477,98
478,0
478,10
478,18
478,19
478,31
478,58
479,8
479,35
479,46
479,95
480,0
480,10
480,17
480,25
480,68
480,71
481,23
481,55
481,70
481,93
482,36
482,74
482,84
482,93
482,99
483,21
483,29
483,33
483,34
483,43
483,92
484,2
484,7
484,30
484,36
484,71
484,99
485,15
485,72
485,84
486,5
486,33
486,43
486,56
486,83
486,95
487,24
487,61
487,76
487,93
487,99
488,37
488,46
488,67
488,77
488,84
488,98
489,17
489,33
489,67
489,91
490,16
490,41
490,56
490,81
490,91
490,96
491,23
491,32
491,76
491,82
492,27
492,45
492,83
493,43
493,48
493,67
493,68
493,87
493,94
494,32
494,60
494,67
495,63
495,73
495,80
496,7
496,27
496,32
496,45
496,88
496,92
497,19
497,26
497,53
497,95
498,2
498,10
498,18
498,83
498,92
498,97
499,52
499,53
499,62
499,87
500,5
500,48
500,60
501,3
501,37
501,43
501,45
501,74
502,7
502,29
502,43
502,54
502,55
502,69
503,14
503,64
503,75
503,76
503,95
504,24
504,56
504,80
504,97
505,51
505,52
505,53
505,58
505,74
505,91
506,10
506,25
506,28
506,36
506,68
507,37
507,45
507,72
507,75
507,93
508,6
508,11
508,34
508,41
508,66
508,97
509,2
509,26
509,58
509,82
509,94
510,29
510,31
510,40
510,66
510,81
510,93
511,8
511,39
511,42
511,46
511,58
512,1
512,26
512,45
513,68
513,71
513,74
513,78
513,79
513,81
514,17
514,49
514,55
515,26
515,37
515,99
516,49
516,56
516,65
516,87
516,95
517,25
517,33
517,40
517,73
518,65
518,68
518,92
519,10
519,48
519,69
520,1
520,27
520,68
521,7
521,39
521,49
521,50
522,31
522,43
522,63
522,73
523,19
523,38
523,56
524,5
524,53
524,64
524,71
525,9
525,55
525,70
525,99
526,19
526,47
526,57
526,78
527,26
527,29
527,49
527,69
527,90
527,96
528,5
528,36
528,70
529,1
529,27
529,44
529,80
530,1
530,23
530,31
530,33
530,64
530,87
531,45
531,50
531,61
531,63
531,72
532,3
532,13
532,21
532,24
532,91
533,19
533,75
533,79
533,80
534,29
534,38
534,77
535,9
535,11
535,31
535,43
536,14
536,49
536,62
536,71
536,81
537,31
537,90
537,95
538,12
538,44
538,68
539,25
539,44
539,46
539,59
539,98
540,3
540,11
540,15
540,25
540,94
540,95
541,0
541,5
541,51
541,63
541,72
541,77
542,8
542,26
542,50
542,71
543,60
543,85
543,87
544,48
544,65
544,66
544,99
545,43
545,58
545,71
546,24
546,41
546,45
546,53
546,75
547,21
547,37
547,64
548,46
548,60
548,76
549,32
549,40
549,61
549,69
549,94
550,0
550,12
550,16
550,35
550,36
550,54
551,61
551,63
551,75
551,92
551,94
552,62
552,63
552,64
553,23
553,70
553,82
553,90
553,97
554,35
554,72
554,89
555,2
555,16
555,25
555,33
555,78
555,80
556,17
556,32
556,36
556,41
556,76
556,91
557,21
557,38
557,75
558,0
558,6
558,7
558,73
558,81
558,97
559,37
559,49
559,50
559,63
559,81
560,8
560,28
560,51
560,62
560,65
560,70
561,3
561,52
561,78
561,92
562,2
562,12
562,39
562,51
562,54
562,88
563,15
563,20
563,76
563,85
564,0
564,29
564,43
564,56
564,67
565,21
565,65
565,67
565,68
565,82
565,85
566,39
566,64
566,68
566,80
566,85
566,93
567,6
567,7
567,12
567,73
567,82
567,89
568,20
568,30
568,60
568,61
568,85
569,10
569,17
569,31
569,64
569,86
570,38
570,45
570,59
570,73
571,13
571,14
571,48
572,3
572,16
572,20
572,54
572,82
573,17
573,44
573,64
573,76
573,79
573,81
574,4
574,14
574,34
574,49
575,25
575,34
575,61
575,69
575,72
575,94
576,11
576,25
576,64
576,72
576,78
576,85
577,30
577,33
577,48
577,80
577,84
578,18
578,32
578,65
579,3
579,34
579,50
579,54
579,62
579,77
580,39
580,47
580,72
580,79
580,95
581,23
581,41
581,46
581,62
582,6
582,7
582,33
582,37
582,66
582,81
583,2
583,68
583,85
583,91
584,4
584,10
584,34
584,43
584,46
585,15
585,27
585,51
585,70
585,71
586,43
586,72
586,87
586,95
586,98
587,2
587,20
587,28
587,73
587,98
588,10
588,11
588,13
588,16
588,88
589,19
589,36
589,84
590,0
590,17
590,32
590,45
591,47
591,62
591,78
592,32
592,39
592,84
592,97
593,27
593,49
593,65
593,69
593,77
593,83
594,13
594,16
594,30
594,48
594,62
594,68
595,47
595,57
595,59
595,85
596,10
596,16
596,56
596,74
596,80
596,94
597,12
597,13
597,20
597,51
597,70
597,89
598,24
598,32
598,37
598,79
598,91
598,96
599,13
599,42
599,65
600,14
600,21
600,67
601,2
601,9
601,34
601,71
601,72
602,7
602,54
602,61
602,77
603,42
603,64
603,69
603,75
603,91
603,96
604,12
604,19
604,83
604,89
605,4
605,16
605,32
605,45
605,87
606,46
606,56
606,70
606,94
606,98
607,27
607,40
607,44
607,50
607,57
607,68
608,7
608,37
608,46
608,51
608,98
609,3
609,8
609,29
609,30
609,39
609,94
610,7
610,18
610,40
610,45
610,58
611,3
611,30
611,38
611,41
611,64
612,11
612,33
612,52
612,57
612,59
612,70
613,19
613,39
613,41
613,56
613,91
614,29
614,51
614,68
614,73
614,91
615,3
615,10
615,13
615,21
615,53
616,20
616,32
616,45
616,68
617,5
617,41
617,98
618,20
618,22
618,56
618,97
619,3
619,13
619,72
619,93
619,95
620,13
620,34
620,77
621,21
621,36
621,66
621,84
622,9
622,48
622,61
622,65
623,2
623,25
623,78
623,86
624,34
624,45
624,52
624,58
624,79
624,84
625,11
625,44
625,46
625,78
625,94
626,27
626,34
626,54
626,63
626,72
627,27
627,30
627,31
628,5
628,20
628,21
628,44
629,21
629,22
629,61
629,62
629,74
630,32
630,66
630,68
630,71
631,5
631,9
631,40
631,73
631,83
632,0
632,58
632,65
632,86
633,23
633,58
633,64
633,68
633,73
634,45
634,46
634,70
635,32
635,43
635,57
635,75
636,65
636,71
636,73
636,93
636,96
637,9
637,36
637,67
638,34
638,40
638,53
639,17
639,42
639,48
639,51
639,83
640,7
640,20
640,58
640,59
641,3
641,21
641,39
641,46
641,64
641,96
642,24
642,38
642,98
643,0
643,7
643,95
644,12
644,26
644,66
644,71
644,91
645,3
645,6
645,29
645,66
645,95
645,97
646,8
646,21
646,43
646,46
646,50
646,62
647,15
647,18
647,23
647,55
647,58
647,97
648,10
648,24
648,30
648,38
648,54
649,3
649,35
649,39
649,84
650,32
650,56
650,64
651,39
651,62
651,67
651,68
651,94
652,1
652,28
652,32
652,33
652,59
652,87
653,15
653,55
653,71
654,10
654,49
654,89
655,23
655,41
655,47
655,54
655,61
655,73
656,21
656,46
656,63
656,66
656,83
656,97
657,12
657,56
657,84
658,30
658,51
658,80
659,29
659,51
659,58
659,67
660,22
660,30
660,50
660,88
661,4
661,24
661,28
661,44
661,68
662,58
662,68
662,75
663,19
663,49
663,62
663,78
664,16
664,33
664,38
665,5
665,14
665,60
665,63
665,66
665,81
666,3
666,43
666,74
666,89
667,1
667,15
667,27
667,55
667,61
667,91
668,23
668,27
668,59
668,66
668,69
668,79
669,9
669,11
669,12
669,23
669,82
669,87
670,6
670,9
670,47
670,72
670,96
671,8
671,13
671,19
671,34
671,51
671,61
672,33
672,39
672,66
672,78
672,93
673,32
673,64
673,72
674,80
674,86
674,90
675,28
675,32
675,78
675,89
676,22
676,50
676,62
676,89
677,33
677,35
677,36
677,50
677,77
678,42
678,83
678,84
679,4
679,33
679,37
679,45
680,28
680,59
680,60
680,89
681,10
681,31
681,53
681,91
682,31
682,67
682,72
683,41
683,60
683,63
683,77
684,15
684,78
684,92
685,10
685,43
685,49
685,58
685,83
685,91
686,9
686,12
686,37
686,60
686,80
686,82
687,8
687,45
687,51
687,69
687,88
687,90
688,14
688,43
688,59
688,62
688,83
689,31
689,35
689,52
690,40
690,75
690,80
690,90
691,19
691,28
691,31
691,69
691,92
692,6
692,27
692,43
692,55
692,78
693,15
693,31
693,34
693,60
693,75
693,86
694,48
694,52
694,93
695,3
695,32
695,50
695,66
696,2
696,34
696,52
696,77
696,95
697,6
697,13
697,18
697,66
698,1
698,61
698,64
698,70
698,76
698,79
699,42
699,57
699,98
700,40
700,41
700,54
700,79
701,3
701,16
701,55
701,85
702,22
702,30
702,72
702,88
702,91
703,1
703,14
703,36
703,41
704,11
704,12
704,24
705,8
705,40
705,99
706,64
706,66
706,90
706,95
707,2
707,42
707,58
707,63
707,65
708,9
708,26
708,57
708,79
708,97
709,4
709,5
709,60
709,76
709,80
709,87
710,65
710,72
710,92
711,8
711,39
711,42
711,55
711,61
711,89
712,3
712,18
712,32
712,50
712,70
713,18
713,19
713,36
713,41
713,60
713,74
714,7
714,10
714,22
714,58
714,88
715,26
715,47
715,65
715,67
715,80
715,85
716,16
716,24
716,30
716,61
716,75
716,77
717,6
717,21
717,72
718,2
718,44
718,83
719,10
719,51
719,65
719,87
719,88
719,90
720,12
720,22
720,27
720,41
720,58
721,4
721,14
721,40
721,61
721,91
722,77
722,84
722,95
723,6
723,58
723,94
724,0
724,15
724,40
724,57
725,80
725,89
725,91
726,35
726,40
726,60
726,76
726,84
727,4
727,29
727,76
728,24
728,55
728,84
728,88
729,15
729,28
729,35
729,44
729,76
729,91
730,7
730,13
730,19
730,30
730,52
730,63
731,8
731,57
731,62
731,94
731,99
732,50
732,55
732,80
732,94
733,7
733,8
733,21
733,28
733,33
733,45
734,12
734,30
734,40
734,53
734,80
734,91
735,52
735,71
735,92
736,17
736,27
736,28
736,65
736,67
736,76
737,5
737,24
737,36
737,58
737,87
738,34
738,51
738,70
738,74
738,91
738,93
739,3
739,20
739,22
739,42
739,50
740,10
740,14
740,24
740,60
740,78
741,6
741,25
741,41
742,0
742,24
742,44
742,69
743,15
743,26
743,50
743,53
743,79
744,2
744,16
744,24
744,53
744,55
744,81
745,2
745,3
745,15
745,21
745,58
745,91
746,32
746,44
746,69
746,84
746,95
747,8
747,67
747,72
747,88
747,93
747,98
748,22
748,53
748,87
749,27
749,41
749,73
749,79
749,84
749,88
750,14
750,52
750,57
751,23
751,35
751,46
751,65
751,84
752,1
752,32
752,55
752,69
752,76
753,1
753,8
753,77
753,95
753,99
754,14
754,15
754,25
755,21
755,49
755,56
755,82
755,87
755,94
756,36
756,61
756,74
757,18
757,44
757,47
757,78
757,88
757,90
758,3
758,8
758,18
758,86
758,96
758,98
759,24
759,40
759,45
760,26
760,29
760,50
760,51
761,1
761,20
761,26
761,66
761,84
762,20
762,24
762,46
762,50
762,77
762,96
763,17
763,27
763,41
763,55
763,88
763,93
764,22
764,39
764,69
765,65
765,80
765,83
765,97
766,8
766,34
766,60
766,89
766,92
767,47
767,55
767,57
767,98
768,26
768,43
768,46
768,65
768,85
769,10
769,28
769,39
769,57
769,60
769,82
770,7
770,8
770,10
770,26
770,33
770,57
771,14
771,57
771,66
772,5
772,10
772,37
773,19
773,47
773,49
773,89
774,13
774,26
774,53
774,97
775,27
775,40
775,45
775,53
775,71
776,23
776,60
776,66
777,0
777,8
777,42
777,47
777,59
777,66
778,43
778,70
778,84
779,18
779,30
779,40
779,84
780,29
780,58
780,87
781,12
781,16
781,77
781,80
781,85
781,97
782,15
782,56
782,70
783,0
783,23
783,65
783,90
784,14
784,26
784,73
784,77
784,79
784,97
785,12
785,16
785,19
785,41
785,90
786,17
786,20
786,25
786,28
786,94
787,0
787,8
787,24
787,31
787,35
787,44
788,36
788,38
788,39
788,49
788,65
788,69
789,41
789,70
789,75
789,86
789,94
789,98
790,2
790,34
790,64
790,95
791,14
791,24
791,28
791,49
791,56
791,95
792,13
792,27
792,31
792,36
793,23
793,36
793,54
793,57
793,69
793,75
794,32
794,62
794,67
794,99
795,13
795,34
795,54
795,70
796,48
796,57
796,73
797,9
797,12
797,37
797,55
797,97
798,21
798,36
798,42
798,61
798,68
798,90
799,0
799,32
799,49
799,84
799,99
800,17
800,33
800,49
800,54
800,94
801,42
801,46
801,90
802,6
802,45
802,49
802,50
802,91
803,4
803,9
803,23
803,34
803,58
804,7
804,8
804,23
804,32
804,68
804,89
805,19
805,25
805,36
805,44
806,24
806,28
806,61
806,83
806,85
806,98
807,6
807,12
807,34
807,60
807,69
807,87
808,8
808,20
808,24
808,28
808,62
809,17
809,37
809,39
809,67
809,69
810,28
810,33
810,59
810,61
810,89
810,94
811,2
811,10
811,29
811,40
811,56
811,83
812,23
812,25
812,29
812,64
812,74
813,9
813,35
813,51
813,81
814,17
814,20
814,33
814,43
815,8
815,21
815,26
815,51
815,56
815,76
816,0
816,29
816,31
816,71
817,0
817,13
817,17
817,52
817,60
817,74
818,19
818,32
818,52
819,5
819,16
819,33
819,44
819,46
820,3
820,19
820,27
820,46
820,52
820,93
821,1
821,21
821,33
821,71
821,78
821,86
822,2
822,53
822,74
822,84
822,92
822,95
823,2
823,26
823,43
823,59
824,15
824,18
824,53
824,62
824,67
824,76
825,15
825,32
825,73
826,2
826,55
826,67
826,78
827,27
827,42
827,82
827,88
827,90
828,36
828,40
828,55
829,25
829,35
829,45
829,50
829,52
829,80
830,27
830,76
830,93
831,40
831,43
831,46
831,51
831,59
831,74
832,26
832,47
832,95
833,11
833,28
833,33
833,98
834,54
834,67
834,68
834,76
834,77
834,82
835,29
835,39
835,60
835,99
836,31
836,40
836,61
837,7
837,21
837,31
837,51
837,86
837,91
838,1
838,24
838,29
838,70
838,77
839,18
839,36
839,62
839,71
839,86
840,16
840,20
840,34
840,40
840,42
840,81
841,2
841,29
841,53
842,9
842,16
842,25
842,42
842,81
843,2
843,3
843,15
843,82
843,88
843,96
844,1
844,18
844,31
844,45
844,59
845,4
845,10
845,12
845,16
845,65
845,67
846,27
846,63
846,69
847,27
847,39
847,86
848,27
848,34
848,61
848,67
849,11
849,48
849,62
849,68
849,71
850,15
850,19
850,47
850,89
851,35
851,51
851,89
852,3
852,14
852,20
852,46
852,67
852,74
853,54
853,70
853,75
854,9
854,50
854,89
855,9
855,48
855,59
855,68
855,71
855,95
856,2
856,19
856,48
856,52
857,11
857,22
857,46
857,76
857,82
858,57
858,88
858,98
859,2
859,34
859,62
860,19
860,35
860,48
860,86
860,90
861,7
861,12
861,54
862,27
862,38
862,44
862,66
862,88
863,19
863,21
863,80
863,86
863,89
864,15
864,22
864,35
864,55
864,94
865,23
865,34
865,40
865,65
865,66
865,70
866,59
866,68
866,71
866,88
867,7
867,9
867,23
867,38
868,8
868,12
868,45
868,55
868,63
868,77
869,17
869,48
869,52
869,75
870,0
870,37
870,59
870,62
871,58
871,90
871,91
871,99
872,7
872,62
872,90
873,2
873,22
873,32
873,38
873,56
873,65
874,4
874,6
874,22
874,47
875,2
875,7
875,14
875,20
875,24
875,82
876,11
876,30
876,31
876,56
877,20
877,53
877,54
877,93
878,26
878,27
878,28
878,55
878,57
878,91
879,10
879,23
879,31
879,35
879,57
880,1
880,29
880,48
880,62
880,83
880,98
881,34
881,44
881,57
881,59
881,64
882,26
882,52
882,57
883,3
883,20
883,36
883,52
883,56
883,78
884,1
884,3
884,36
884,59
884,65
885,65
885,70
885,79
885,83
886,9
886,53
886,94
887,3
887,10
887,22
887,37
887,58
887,67
888,5
888,9
888,38
888,67
888,70
889,6
889,15
889,21
889,84
889,91
890,31
890,39
890,44
890,47
890,58
890,71
891,4
891,13
891,54
891,64
891,95
892,4
892,8
892,11
892,19
892,21
892,88
893,21
893,23
893,31
893,53
893,72
894,35
894,57
894,69
894,87
895,2
895,44
895,47
895,48
895,70
895,75
896,1
896,3
896,21
896,22
896,24
896,81
897,6
897,19
897,27
898,30
898,72
898,73
898,82
899,13
899,42
899,58
899,62
899,88
899,92
900,8
900,21
900,35
900,60
900,98
901,36
901,56
901,59
901,92
901,96
902,24
902,65
902,67
902,79
902,96
903,51
903,62
903,70
904,3
904,21
904,25
904,37
904,69
904,98
905,32
905,47
905,69
905,95
905,99
906,6
906,12
906,55
907,21
907,77
907,88
908,26
908,43
908,78
908,81
908,98
908,99
909,12
909,44
909,75
909,84
909,91
910,6
910,13
910,19
910,43
911,18
911,26
911,28
911,37
911,75
912,7
912,35
912,51
912,70
913,44
913,47
913,94
913,97
914,1
914,28
914,38
914,46
914,83
915,1
915,82
915,88
915,92
916,60
916,80
916,87
917,66
917,69
917,96
918,14
918,25
918,31
918,78
918,84
919,7
919,10
919,32
919,66
919,68
919,72
920,46
920,56
920,98
921,37
921,56
921,58
921,79
921,95
922,13
922,46
922,65
922,88
923,1
923,57
923,75
924,10
924,40
924,78
924,81
924,90
925,7
925,8
925,11
925,21
925,52
926,11
926,50
926,58
926,72
926,88
926,92
927,61
927,66
927,87
927,93
928,54
928,69
928,75
928,81
929,28
929,44
929,85
929,91
930,2
930,43
930,69
930,87
930,98
931,7
931,13
931,22
931,92
931,98
932,21
932,40
932,97
932,98
933,1
933,5
933,9
933,23
933,59
934,2
934,6
934,79
934,89
934,93
934,98
935,12
935,22
935,36
935,88
935,92
936,16
936,17
936,33
936,74
936,95
937,21
937,28
937,36
938,15
938,39
938,43
938,55
938,57
938,81
939,7
939,17
939,51
940,53
940,60
940,69
940,82
941,20
941,41
941,69
941,80
942,15
942,37
942,70
942,72
942,81
942,89
943,2
943,19
943,31
943,45
943,71
944,8
944,71
944,87
945,9
945,14
945,17
945,38
945,56
945,64
946,22
946,30
946,42
947,30
947,84
947,86
947,93
947,98
948,47
948,49
948,88
949,19
949,32
949,44
949,70
949,73
949,75
950,0
950,1
950,28
950,44
950,58
951,1
951,3
951,14
951,76
951,94
952,10
952,32
952,38
952,39
952,51
952,92
953,1
953,4
953,38
953,42
953,60
954,1
954,57
954,84
955,4
955,33
955,48
955,64
956,6
956,16
956,20
956,32
956,57
956,72
957,15
957,36
957,60
958,3
958,72
958,73
958,74
958,92
959,2
959,27
959,33
959,75
960,38
960,58
960,67
961,3
961,30
961,39
961,63
961,80
961,98
962,27
962,33
962,60
962,66
962,78
963,0
963,21
963,37
963,57
963,59
963,65
964,2
964,30
964,59
965,24
965,53
965,93
965,95
966,19
966,73
966,96
967,25
967,39
967,52
968,0
968,54
968,75
968,87
968,92
969,2
969,9
969,23
969,39
969,54
969,86
970,12
970,32
970,63
971,16
971,23
971,79
972,3
972,17
972,27
972,29
973,8
973,9
973,60
973,87
974,27
974,39
974,41
974,45
974,84
974,85
975,2
975,46
975,61
975,78
975,88
975,93
976,0
976,37
976,66
976,80
976,89
977,12
977,51
977,52
977,66
977,69
977,89
978,23
978,28
978,32
978,84
979,14
979,24
979,56
979,66
979,75
979,90
980,4
980,53
980,68
981,6
981,21
981,40
981,52
981,65
981,72
982,5
982,33
982,35
982,78
982,88
982,95
983,27
983,34
983,48
983,67
983,79
984,13
984,20
984,88
985,0
985,23
985,35
985,46
985,86
986,5
986,70
986,85
986,97
987,33
987,62
987,69
987,84
987,85
987,86
988,23
988,43
988,53
988,74
988,86
988,99
989,7
989,26
989,62
989,88
990,7
990,15
990,89
990,93
990,95
991,18
991,27
991,40
992,18
992,28
992,38
992,67
992,89
993,17
993,28
993,42
993,51
993,60
994,31
994,44
994,53
995,5
995,11
995,24
995,29
995,80
995,90
996,35
996,42
996,62
996,93
996,95
997,17
997,65
997,81
997,89
998,3
998,22
998,75
999,1
999,36
999,62
999,71
999,87
999,93
1000,49
1000,73
1000,81
1001,41
1001,53
1001,88
1001,98
1002,35
1002,36
1002,41
1003,25
1003,34
1003,35
1004,25
1004,41
1004,66
1004,69
1004,84
1005,5
1005,29
1005,66
1005,98
1006,12
1006,26
1006,39
1006,57
1007,53
1007,58
1007,88
1007,99
1008,7
1008,95
1008,99
1009,71
1009,76
1009,85
1009,86
1010,7
1010,40
1010,48
1010,50
1011,16
1011,43
1011,50
1011,72
1012,16
1012,58
1012,62
1012,83
1012,98
1013,49
1013,70
1013,91
1013,93
1014,1
1014,17
1014,42
1015,11
1015,35
1015,60
1015,82
1015,97
1016,27
1016,52
1016,56
1016,57
1017,15
1017,52
1017,67
1017,73
1018,8
1018,39
1018,51
1018,61
1018,70
1019,2
1019,40
1019,51
1019,88
1020,13
1020,38
1020,96
1021,26
1021,51
1021,61
1022,32
1022,34
1022,37
1022,56
1023,34
1023,80
1023,88
1024,36
1024,46
1024,66
1024,87
1024,92
1025,2
1025,24
1025,28
1025,68
1026,17
1026,43
1026,71
1026,72
1026,90
1027,50
1027,66
1027,89
1028,1
1028,40
1028,56
1028,86
1029,21
1029,23
1029,24
1029,35
1029,88
1030,1
1030,22
1030,45
1031,20
1031,62
1031,71
1031,72
1032,20
1032,29
1032,46
1032,51
1032,65
1032,74
1033,71
1033,74
1033,92
1034,7
1034,14
1034,16
1035,27
1035,42
1035,51
1035,55
1035,88
1035,92
1036,4
1036,20
1036,21
1036,44
1036,62
1036,93
1037,14
1037,22
1037,48
1037,68
1037,82
1038,59
1038,60
1038,69
1039,1
1039,7
1039,44
1039,56
1039,67
1039,70
1040,5
1040,12
1040,28
1040,57
1041,2
1041,27
1041,79
1042,7
1042,42
1042,51
1042,76
1042,99
1043,28
1043,41
1043,42
1043,46
1043,56
1043,99
1044,45
1044,88
1044,93
1045,7
1045,15
1045,19
1046,9
1046,35
1046,38
1046,41
1046,57
1046,72
1047,6
1047,42
1047,43
1047,53
1047,62
1047,79
1048,28
1048,76
1048,78
1048,91
1048,94
1048,95
1049,32
1049,48
1049,94
1050,7
1050,34
1050,55
1050,61
1050,69
1050,79
1051,3
1051,24
1051,26
1051,27
1051,86
1051,98
1052,19
1052,36
1052,61
1053,11
1053,38
1053,98
1054,2
1054,62
1054,65
1054,89
1054,96
1055,8
1055,31
1055,69
1055,86
1056,58
1056,66
1056,74
1057,16
1057,26
1057,54
1057,76
1058,43
1058,63
1058,72
1058,81
1058,88
1059,3
1059,33
1059,41
1059,65
1059,70
1060,13
1060,18
1060,86
1060,90
1060,98
1060,99
1061,40
1061,50
1061,74
1061,82
1061,93
1062,1
1062,16
1062,28
1062,32
1062,34
1062,86
1063,18
1063,20
1063,22
1063,46
1063,56
1063,92
1064,20
1064,78
1064,88
1065,6
1065,56
1065,96
1066,0
1066,5
1066,20
1066,29
1067,31
1067,45
1067,71
1067,82
1067,91
1067,98
1068,5
1068,23
1068,41
1068,48
1068,72
1068,74
1069,22
1069,55
1069,58
1069,96
1070,15
1070,37
1070,42
1070,47
1070,55
1070,92
1071,10
1071,28
1071,58
1071,89
1071,92
1072,21
1072,47
1072,52
1072,76
1072,81
1072,88
1073,23
1073,42
1073,50
1073,70
1073,71
1073,77
1074,26
1074,39
1074,52
1074,66
1074,68
1074,78
1075,9
1075,41
1075,48
1076,24
1076,42
1076,46
1076,53
1076,77
1077,7
1077,24
1077,30
1077,33
1077,36
1077,60
1078,20
1078,27
1078,52
1078,65
1078,91
1079,3
1079,19
1079,40
1079,47
1079,91
1080,8
1080,28
1080,49
1080,56
1080,61
1081,10
1081,65
1081,68
1081,88
1082,3
1082,23
1082,26
1082,31
1082,39
1082,87
1083,53
1083,59
1083,78
1084,13
1084,28
1084,32
1085,8
1085,28
1085,91
1086,18
1086,29
1086,34
1087,3
1087,20
1087,25
1087,36
1087,56
1087,81
1088,34
1088,45
1088,98
1089,8
1089,27
1089,31
1089,51
1089,57
1090,23
1090,44
1090,51
1090,56
1091,49
1091,79
1091,92
1092,11
1092,13
1092,26
1092,69
1092,70
1093,7
1093,41
1093,70
1094,23
1094,27
1094,28
1094,68
1094,69
1094,74
1095,4
1095,21
1095,65
1095,69
1095,81
1096,7
1096,51
1096,67
1096,70
1096,82
1096,91
1097,8
1097,28
1097,30
1098,9
1098,15
1098,44
1098,49
1098,68
1099,36
1099,48
1099,50
1099,67
1099,71
1100,59
1100,73
1100,76
1100,81
1100,86
1101,26
1101,32
1101,50
1102,5
1102,18
1102,72
1102,84
1103,50
1103,67
1103,78
1103,94
1104,10
1104,29
1104,36
1104,86
1104,94
1104,99
1105,36
1105,49
1105,87
1105,97
1106,19
1106,32
1106,73
1107,1
1107,4
1107,13
1107,28
1107,89
1108,1
1108,44
1108,57
1108,70
1108,90
1109,43
1109,62
1109,99
1110,3
1110,10
1110,39
1110,48
1110,91
1111,60
1111,76
1111,81
1111,98
1112,19
1112,27
1112,38
1112,42
1112,62
1112,75
1113,9
1113,22
1113,87
1114,31
1114,34
1114,41
1114,45
1114,53
1115,1
1115,56
1115,79
1116,25
1116,50
1116,58
1116,87
1117,10
1117,25
1117,37
1117,66
1117,78
1118,27
1118,46
1118,47
1118,80
1118,82
1119,2
1119,7
1119,33
1119,37
1119,75
1120,4
1120,42
1120,44
1120,54
1120,84
1121,49
1121,71
1121,97
1122,62
1122,74
1122,76
1122,77
1123,24
1123,26
1123,63
1123,86
1124,8
1124,22
1124,40
1124,63
1124,77
1124,99
1125,39
1125,42
1125,72
1126,24
1126,45
1126,51
1126,52
1127,12
1127,39
1127,77
1128,30
1128,90
1128,98
1129,52
1129,71
1129,89
1129,99
1130,15
1130,20
1130,45
1130,50
1130,59
1130,86
1131,9
1131,32
1131,37
1131,58
1131,69
1131,83
1132,14
1132,26
1132,39
1132,48
1132,57
1132,98
1133,11
1133,14
1133,48
1133,76
1133,92
1134,13
1134,29
1134,32
1134,80
1135,8
1135,45
1135,54
1135,75
1135,77
1136,2
1136,14
1136,39
1136,45
1136,56
1137,4
1137,19
1137,26
1137,58
1137,96
1138,57
1138,85
1138,97
1139,42
1139,63
1139,89
1140,6
1140,28
1140,47
1140,90
1141,22
1141,39
1141,63
1141,97
1142,58
1142,74
1142,88
1143,8
1143,54
1143,99
1144,13
1144,16
1144,30
1144,37
1144,77
1145,12
1145,56
1145,61
1145,65
1145,71
1145,96
1146,3
1146,5
1146,24
1146,63
1146,66
1146,69
1147,16
1147,21
1147,40
1147,66
1147,91
1147,96
1148,18
1148,44
1148,46
1148,81
1148,86
1148,99
1149,8
1149,26
1149,38
1149,46
1149,65
1149,79
1150,0
1150,27
1150,53
1150,81
1150,92
1151,20
1151,27
1151,57
1151,90
1152,34
1152,51
1152,52
1153,38
1153,44
1153,79
1153,86
1153,88
1154,4
1154,27
1154,40
1154,71
1154,75
1154,80
1155,18
1155,26
1155,58
1156,18
1156,40
1156,42
1156,63
1156,94
1157,19
1157,22
1157,50
1157,83
1157,84
1157,95
1158,17
1158,23
1158,73
1158,76
1158,95
1159,4
1159,7
1159,45
1160,15
1160,16
1160,45
1160,64
1161,13
1161,31
1161,37
1161,53
1161,64
1161,68
1162,5
1162,97
1162,99
1163,60
1163,80
1163,93
1164,16
1164,24
1164,25
1164,89
1165,28
1165,51
1165,86
1165,97
1165,98
1166,20
1166,27
1166,69
1166,89
1167,10
1167,44
1167,58
1167,78
1168,19
1168,21
1168,61
1168,74
1168,83
1169,44
1169,58
1169,71
1169,83
1169,87
1170,9
1170,10
1170,17
1170,56
1170,63
1171,0
1171,86
1171,92
1172,57
1172,61
1172,83
1173,33
1173,49
1173,63
1173,73
1173,83
1173,87
1174,10
1174,33
1174,39
1174,79
1174,80
1174,94
1175,5
1175,9
1175,60
1175,69
1176,21
1176,25
1176,69
1176,78
1177,19
1177,34
1177,36
1177,46
1177,51
1177,99
1178,37
1178,43
1178,96
1178,98
1179,6
1179,15
1179,33
1179,60
1179,73
1180,4
1180,10
1180,17
1181,10
1181,17
1181,32
1181,75
1181,83
1181,97
1182,5
1182,18
1182,72
1183,16
1183,32
1183,35
1183,54
1183,56
1183,61
1184,62
1184,65
1184,92
1185,9
1185,23
1185,43
1185,53
1185,77
1185,98
1186,8
1186,59
1186,63
1187,12
1187,31
1187,65
1187,74
1187,98
1188,18
1188,24
1188,28
1188,32
1188,67
1188,81
1189,13
1189,38
1189,51
1189,61
1189,73
1189,96
1190,9
1190,33
1190,41
1190,52
1190,85
1190,87
1191,12
1191,15
1191,24
1191,33
1191,91
1192,72
1192,82
1192,93
1193,6
1193,16
1193,31
1193,68
1193,73
1193,87
1194,3
1194,63
1194,67
1195,10
1195,42
1195,52
1195,85
1195,99
1196,6
1196,26
1196,57
1196,78
1197,4
1197,14
1197,16
1197,28
1197,52
1197,88
1198,1
1198,5
1198,45
1198,65
1198,99
1199,2
1199,16
1199,86
1200,9
1200,10
1200,14
1200,41
1200,52
1200,70
1201,65
1201,74
1201,78
1202,0
1202,43
1202,66
1202,99
1203,9
1203,10
1203,14
1203,58
1203,59
1203,94
1204,8
1204,16
1204,22
1204,30
1204,43
1204,88
1205,12
1205,84
1205,93
1206,15
1206,33
1206,38
1206,64
1206,68
1206,70
1207,33
1207,39
1207,51
1207,71
1207,91
1208,3
1208,10
1208,22
1208,48
1208,82
1209,4
1209,15
1209,54
1209,59
1210,51
1210,59
1210,75
1210,88
1210,95
1211,12
1211,67
1211,68
1211,89
1212,56
1212,68
1212,72
1213,6
1213,78
1213,93
1214,8
1214,20
1214,32
1214,95
1215,0
1215,12
1215,36
1215,43
1215,62
1216,8
1216,10
1216,29
1216,38
1216,65
1217,12
1217,20
1217,41
1217,88
1218,26
1218,74
1218,83
1218,85
1219,34
1219,55
1219,75
1220,40
1220,66
1220,79
1220,95
1221,21
1221,25
1221,42
1221,43
1221,86
1222,7
1222,29
1222,85
1222,87
1223,21
1223,34
1223,78
1223,97
1224,7
1224,27
1224,57
1224,74
1225,32
1225,36
1225,46
1226,10
1226,16
1226,26
1226,67
1227,16
1227,26
1227,29
1227,31
1227,82
1227,90
1228,20
1228,23
1228,37
1228,71
1228,79
1228,86
1229,18
1229,36
1229,58
1229,66
1229,93
1229,99
1230,27
1230,48
1230,51
1230,53
1230,54
1231,19
1231,31
1231,37
1231,41
1231,62
1232,6
1232,18
1232,28
1232,76
1233,21
1233,25
1233,39
1233,54
1233,79
1233,90
1234,19
1234,62
1234,68
1235,0
1235,31
1235,34
1235,64
1235,76
1235,79
1236,16
1236,33
1236,39
1236,55
1236,61
1236,96
1237,12
1237,26
1237,42
1237,87
1237,99
1238,4
1238,16
1238,34
1238,38
1238,74
1239,36
1239,51
1239,63
1240,11
1240,23
1240,30
1240,84
1240,96
1241,4
1241,64
1241,85
1242,2
1242,34
1242,38
1242,39
1242,83
1243,34
1243,42
1243,53
1243,57
1243,68
1243,93
1244,52
1244,56
1244,71
1244,76
1244,82
1244,87
1245,22
1245,23
1245,62
1246,29
1246,33
1246,51
1247,17
1247,47
1247,68
1247,88
1247,94
1248,18
1248,43
1248,49
1248,82
1248,84
1249,2
1249,7
1249,68
1250,0
1250,48
1250,53
1251,5
1251,25
1251,28
1251,38
1251,41
1251,61
1252,25
1252,39
1252,61
1252,67
1252,80
1252,84
1253,78
1253,84
1253,88
1254,2
1254,32
1254,33
1254,49
1254,62
1254,72
1255,24
1255,35
1255,80
1255,81
1256,57
1256,73
1256,76
1256,78
1256,97
1257,35
1257,37
1257,65
1257,80
1257,87
1257,90
1258,23
1258,42
1258,62
1258,86
1259,34
1259,60
1259,93
1260,24
1260,39
1260,44
1260,52
1260,62
1260,76
1261,44
1261,50
1261,78
1262,5
1262,8
1262,27
1262,29
1262,90
1263,31
1263,67
1263,76
1264,5
1264,38
1264,39
1264,90
1265,0
1265,19
1265,60
1266,25
1266,42
1266,86
1266,87
1267,3
1267,14
1267,54
1267,56
1267,66
1267,91
1268,20
1268,21
1268,46
1268,65
1268,67
1268,83
1269,3
1269,27
1269,69
1269,70
1270,4
1270,12
1270,70
1270,88
1270,92
1271,56
1271,78
1271,81
1271,93
1271,96
1272,31
1272,33
1272,48
1272,75
1272,93
1273,2
1273,51
1273,54
1273,87
1273,95
1273,98
1274,1
1274,7
1274,54
1274,70
1274,87
1274,99
1275,4
1275,25
1275,41
1275,65
1275,84
1276,45
1276,69
1276,88
1277,53
1277,54
1277,55
1277,87
1277,95
1278,51
1278,53
1278,85
1279,6
1279,11
1279,18
1279,92
1279,97
1280,23
1280,42
1280,85
1281,25
1281,31
1281,57
1281,70
1281,80
1281,86
1282,35
1282,57
1282,81
1282,91
1282,97
1283,23
1283,45
1283,56
1283,70
1283,93
1284,5
1284,8
1284,27
1284,74
1285,15
1285,45
1285,57
1285,72
1285,81
1286,53
1286,65
1286,87
1287,6
1287,32
1287,53
1287,88
1288,1
1288,10
1288,81
1288,82
1288,95
1289,10
1289,57
1289,78
1289,83
1289,89
1290,24
1290,32
1290,35
1290,40
1290,41
1290,50
1291,11
1291,23
1291,26
1291,33
1292,8
1292,21
1292,91
1293,24
1293,72
1293,80
1293,84
1293,85
1294,2
1294,25
1294,45
1294,67
1294,76
1294,91
1295,5
1295,8
1295,67
1295,81
1295,89
1296,45
1296,67
1296,90
1296,93
1297,29
1297,44
1297,65
1298,37
1298,38
1298,39
1298,50
1298,57
1298,80
1299,23
1299,35
1299,64
1299,88
1299,92
1300,73
1300,90
1300,97
1301,38
1301,57
1301,90
1301,96
1301,97
1302,24
1302,77
1302,81
1302,84
1302,88
1303,12
1303,43
1303,68
1303,92
1304,47
1304,51
1304,66
1304,79
1305,0
1305,37
1305,44
1305,47
1305,74
1306,2
1306,34
1306,35
1306,66
1306,74
1306,91
1307,37
1307,54
1307,62
1307,91
1308,2
1308,6
1308,27
1308,77
1309,21
1309,26
1309,31
1309,98
1310,45
1310,74
1310,77
1310,90
1311,8
1311,86
1311,89
1312,21
1312,26
1312,31
1312,41
1312,42
1313,2
1313,51
1313,63
1314,41
1314,44
1314,71
1315,7
1315,9
1315,69
1315,93
1315,99
1316,7
1316,8
1316,49
1316,71
1317,5
1317,13
1317,15
1317,39
1317,44
1317,97
1318,27
1318,38
1318,57
1318,80
1319,13
1319,17
1319,71
1319,82
1320,4
1320,36
1320,38
1320,87
1321,27
1321,66
1321,83
1321,90
1322,25
1322,46
1322,57
1322,78
1322,89
1322,93
1323,29
1323,76
1323,88
1324,10
1324,23
1324,33
1324,59
1324,77
1324,79
1325,8
1325,25
1325,30
1325,68
1325,70
1326,5
1326,26
1326,49
1326,79
1327,8
1327,20
1327,35
1327,38
1327,85
1327,91
1328,23
1328,40
1328,41
1328,48
1328,85
1329,2
1329,5
1329,27
1329,56
1329,60
1329,97
1330,49
1330,52
1330,61
1330,93
1331,19
1331,39
1331,47
1331,73
1332,6
1332,29
1332,66
1332,88
1332,93
1333,15
1333,17
1333,55
1333,59
1333,85
1333,91
1334,4
1334,23
1334,57
1334,91
1335,14
1335,58
1335,65
1335,66
1335,98
1336,26
1336,44
1336,51
1336,52
1336,60
1336,95
1337,22
1337,23
1337,33
1337,46
1337,52
1337,95
1338,0
1338,9
1338,42
1338,88
1338,97
1339,7
1339,18
1339,28
1339,33
1339,87
1339,98
1340,9
1340,21
1340,38
1340,60
1340,71
1340,79
1341,35
1341,49
1341,60
1341,66
1342,39
1342,42
1342,46
1342,56
1343,30
1343,35
1343,44
1343,79
1344,1
1344,60
1344,77
1344,81
1344,89
1345,13
1345,73
1345,75
1346,5
1346,37
1346,53
1346,58
1346,71
1346,77
1347,0
1347,29
1347,41
1347,83
1347,86
1348,1
1348,19
1348,46
1349,10
1349,18
1349,40
1350,8
1350,14
1350,37
1350,53
1350,57
1351,57
1351,81
1351,96
1352,2
1352,18
1352,28
1352,33
1353,15
1353,48
1353,67
1353,79
1353,84
1354,18
1354,21
1354,33
1354,40
1354,68
1354,95
1355,3
1355,13
1355,18
1355,74
1356,3
1356,34
1356,46
1356,60
1356,71
1356,78
1357,72
1357,97
1357,99
1358,24
1358,34
1358,67
1358,85
1359,0
1359,17
1359,23
1359,28
1359,38
1359,65
1360,18
1360,43
1360,48
1360,61
1360,77
1361,30
1361,71
1361,98
1362,24
1362,32
1362,41
1362,43
1362,55
1362,97
1363,4
1363,14
1363,63
1364,41
1364,42
1364,55
1364,79
1364,94
1364,97
1365,1
1365,9
1365,59
1365,62
1365,98
1366,9
1366,20
1366,45
1366,98
1367,26
1367,37
1367,45
1367,59
1367,60
1367,94
1368,65
1368,73
1368,87
1369,6
1369,28
1369,36
1369,61
1369,86
1370,1
1370,6
1370,7
1370,60
1371,37
1371,72
1371,77
1372,0
1372,11
1372,30
1372,35
1372,61
1373,10
1373,57
1373,68
1374,5
1374,18
1374,39
1374,46
1374,80
1375,14
1375,17
1375,57
1375,65
1376,1
1376,54
1376,60
1376,74
1377,50
1377,85
1377,87
1378,12
1378,18
1378,50
1378,51
1378,91
1379,20
1379,32
1379,33
1379,48
1379,73
1379,96
1380,2
1380,7
1380,57
1380,76
1381,7
1381,22
1381,25
1381,54
1381,82
1381,93
1382,15
1382,33
1382,39
1382,43
1382,49
1382,83
1383,52
1383,58
1383,84
1384,43
1384,67
1384,93
1385,60
1385,70
1385,97
1386,9
1386,23
1386,52
1386,56
1386,76
1387,5
1387,69
1387,84
1387,92
1388,25
1388,35
1388,40
1388,86
1389,0
1389,8
1389,38
1389,46
1389,80
1389,96
1390,7
1390,70
1390,76
1391,9
1391,37
1391,68
1391,73
1391,85
1392,26
1392,53
1392,59
1392,94
1393,13
1393,71
1393,74
1393,89
1393,97
1394,37
1394,70
1394,72
1395,0
1395,77
1395,81
1396,45
1396,82
1396,84
1396,88
1397,4
1397,18
1397,36
1397,52
1397,60
1397,84
1398,11
1398,30
1398,51
1398,82
1398,83
1398,99
1399,13
1399,65
1399,66
1400,12
1400,24
1400,40
1401,1
1401,39
1401,44
1401,62
1401,82
1401,85
1402,10
1402,20
1402,54
1403,3
1403,17
1403,52
1403,63
1404,38
1404,61
1404,92
1404,96
1405,15
1405,24
1405,31
1405,97
1405,98
1406,2
1406,3
1406,9
1406,34
1406,50
1406,97
1407,6
1407,20
1407,64
1408,4
1408,8
1408,45
1408,58
1408,83
1409,40
1409,43
1409,47
1409,79
1410,40
1410,54
1410,55
1410,62
1410,76
1410,92
1411,37
1411,39
1411,49
1411,66
1412,16
1412,36
1412,94
1413,35
1413,51
1413,57
1413,84
1413,89
1414,2
1414,37
1414,98
1415,39
1415,48
1415,58
1416,3
1416,25
1416,45
1416,46
1416,55
1416,70
1417,14
1417,27
1417,33
1417,58
1417,76
1417,93
1418,51
1418,81
1418,94
1419,2
1419,8
1419,14
1419,30
1419,33
1419,48
1420,34
1420,55
1420,91
1420,97
1420,98
1421,22
1421,39
1421,53
1421,60
1421,67
1422,55
1422,78
1422,91
1423,7
1423,8
1423,17
1423,26
1423,98
1424,27
1424,41
1424,76
1425,8
1425,10
1425,30
1425,33
1425,54
1426,5
1426,15
1426,36
1426,82
1427,29
1427,68
1427,85
1428,0
1428,8
1428,26
1428,35
1428,39
1429,6
1429,58
1429,85
1429,88
1430,68
1430,88
1430,98
1431,17
1431,62
1431,67
1431,82
1431,87
1432,30
1432,49
1432,58
1432,63
1432,86
1433,4
1433,29
1433,81
1433,86
1434,0
1434,12
1434,22
1434,25
1434,43
1434,46
1435,8
1435,14
1435,37
1435,43
1435,44
1435,99
1436,23
1436,59
1436,87
1436,91
1437,57
1437,71
1437,77
1437,98
1438,17
1438,25
1438,96
1439,8
1439,18
1439,37
1439,51
1439,86
1439,88
1440,12
1440,83
1440,96
1441,0
1441,3
1441,32
1441,52
1441,62
1442,46
1442,47
1442,82
1442,98
1443,15
1443,28
1443,34
1444,26
1444,38
1444,41
1444,70
1445,29
1445,60
1445,79
1446,12
1446,40
1446,67
1446,81
1446,85
1447,18
1447,40
1447,49
1447,70
1447,87
1448,41
1448,71
1448,85
1448,86
1448,95
1448,97
1449,24
1449,43
1449,57
1449,73
1449,81
1449,91
1450,2
1450,49
1450,59
1450,62
1450,66
1451,10
1451,69
1451,83
1452,19
1452,47
1452,67
1452,84
1453,35
1453,43
1453,53
1453,73
1453,99
1454,2
1454,7
1454,14
1454,31
1454,61
1455,15
1455,89
1455,91
1456,2
1456,48
1456,59
1456,72
1456,89
1457,14
1457,32
1457,57
1457,80
1457,88
1458,3
1458,65
1458,71
1459,11
1459,24
1459,42
1459,63
1459,74
1460,11
1460,15
1460,39
1460,40
1460,64
1460,77
1461,27
1461,35
1461,40
1461,44
1461,55
1461,88
1462,7
1462,13
1462,74
1462,81
1462,88
1462,94
1463,12
1463,18
1463,27
1463,48
1463,73
1463,93
1464,8
1464,15
1464,40
1464,81
1464,86
1465,26
1465,32
1465,69
1465,86
1466,6
1466,29
1466,32
1466,54
1466,88
1466,96
1467,16
1467,52
1467,66
1467,72
1467,76
1467,93
1468,8
1468,38
1468,78
1468,85
1468,93
1469,3
1469,20
1469,25
1469,51
1469,79
1470,50
1470,85
1470,88
1471,8
1471,32
1471,53
1471,59
1471,72
1471,94
1472,0
1472,61
1472,72
1473,26
1473,45
1473,49
1473,54
1473,83
1473,95
1474,6
1474,29
1474,56
1474,84
1475,29
1475,58
1475,76
1475,82
1475,90
1476,5
1476,24
1476,51
1476,69
1476,88
1477,42
1477,89
1477,91
1478,10
1478,19
1478,61
1479,7
1479,13
1479,20
1479,38
1479,84
1480,2
1480,24
1480,70
1480,89
1480,99
1481,22
1481,23
1481,26
1481,36
1481,70
1482,24
1482,31
1482,37
1482,40
1482,89
1482,96
1483,3
1483,13
1483,24
1483,26
1483,41
1483,80
1484,48
1484,51
1484,67
1484,95
1485,14
1485,20
1485,52
1485,53
1485,66
1485,67
1486,26
1486,49
1486,71
1486,76
1486,82
1487,1
1487,27
1487,48
1487,59
1487,60
1487,73
1488,22
1488,26
1488,64
1489,8
1489,13
1489,48
1489,84
1489,93
1490,5
1490,10
1490,41
1490,55
1490,74
1490,80
1491,18
1491,35
1491,44
1491,47
1491,83
1492,36
1492,40
1492,47
1493,22
1493,42
1493,89
1494,18
1494,27
1494,52
1494,61
1494,86
1494,98
1495,3
1495,21
1495,60
1495,64
1495,86
1496,3
1496,29
1496,34
1496,76
1497,8
1497,35
1497,57
1498,8
1498,49
1498,71
1498,99
1499,15
1499,21
1499,22
1499,39
1499,46
1499,51
1500,42
1500,78
1500,98
1501,15
1501,22
1501,29
1501,97
1502,16
1502,24
1502,32
1503,33
1503,36
1503,37
1503,74
1504,12
1504,26
1504,56
1504,60
1504,82
1505,5
1505,43
1505,51
1505,59
1505,65
1506,8
1506,13
1506,32
1506,46
1506,90
1506,99
1507,21
1507,50
1507,91
1508,4
1508,44
1508,83
1508,85
1509,3
1509,19
1509,32
1509,44
1509,60
1509,75
1510,7
1510,20
1510,32
1510,58
1510,74
1511,0
1511,6
1511,30
1511,35
1511,61
1512,32
1512,55
1512,61
1512,64
1512,77
1512,78
1513,37
1513,59
1513,98
1514,10
1514,15
1514,24
1514,77
1515,25
1515,26
1515,64
1515,66
1515,68
1516,0
1516,22
1516,52
1516,74
1516,83
1516,92
1517,19
1517,42
1517,54
1517,57
1517,99
1518,13
1518,28
1518,30
1518,45
1518,53
1519,2
1519,53
1519,65
1519,69
1520,40
1520,46
1520,90
1521,30
1521,95
1521,99
1522,22
1522,33
1522,35
1522,70
1523,7
1523,16
1523,17
1523,29
1523,65
1523,68
1524,1
1524,34
1524,38
1524,91
1524,93
1524,99
1525,7
1525,58
1525,84
1526,11
1526,18
1526,51
1526,63
1526,78
1527,20
1527,24
1527,27
1527,56
1527,64
1528,26
1528,30
1528,36
1528,67
1528,89
1528,95
1529,25
1529,36
1529,77
1529,88
1530,13
1530,51
1530,62
1530,66
1530,90
1531,1
1531,4
1531,17
1531,51
1531,95
1531,96
1532,22
1532,59
1532,60
1532,69
1533,3
1533,45
1533,97
1534,12
1534,52
1534,56
1534,61
1535,38
1535,77
1535,83
1536,23
1536,49
1536,53
1536,56
1536,70
1536,92
1537,10
1537,18
1537,34
1537,82
1538,13
1538,39
1538,45
1538,64
1538,77
1538,78
1539,72
1539,83
1539,84
1540,7
1540,30
1540,36
1540,72
1540,93
1541,37
1541,51
1541,61
1541,91
1541,99
1542,0
1542,70
1542,83
1543,20
1543,31
1543,50
1543,60
1543,77
1544,1
1544,25
1544,78
1544,89
1544,97
1545,8
1545,51
1545,79
1545,90
1546,6
1546,20
1546,22
1546,62
1547,11
1547,22
1547,35
1547,37
1547,40
1548,0
1548,71
1548,82
1548,87
1549,32
1549,39
1549,76
1550,47
1550,62
1550,74
1550,97
1551,3
1551,7
1551,62
1551,77
1552,0
1552,52
1552,56
1552,96
1553,7
1553,30
1553,36
1553,66
1553,74
1553,90
1554,12
1554,38
1554,44
1555,30
1555,60
1555,63
1555,72
1555,85
1556,20
1556,31
1556,55
1556,60
1556,75
1557,9
1557,18
1557,65
1557,67
1557,93
1557,98
1558,7
1558,8
1558,87
1558,96
1559,4
1559,45
1559,78
1560,11
1560,39
1560,76
1561,16
1561,27
1561,71
1561,80
1561,87
1562,2
1562,13
1562,55
1562,60
1562,89
1562,91
1563,18
1563,39
1563,46
1563,56
1563,86
1563,93
1564,16
1564,17
1564,34
1564,37
1564,47
1564,50
1565,1
1565,10
1565,33
1565,56
1565,74
1565,96
1566,4
1566,12
1566,57
1567,1
1567,55
1567,74
1567,79
1568,0
1568,5
1568,9
1568,19
1568,24
1569,18
1569,70
1569,76
1570,10
1570,34
1570,41
1570,52
1570,86
1570,89
1571,5
1571,30
1571,34
1571,55
1571,75
1571,97
1572,28
1572,31
1572,34
1572,76
1572,86
1573,26
1573,42
1573,62
1573,87
1574,4
1574,22
1574,89
1574,92
1575,43
1575,72
1575,84
1575,86
1576,2
1576,23
1576,54
1576,60
1576,61
1576,75
1577,18
1577,47
1577,78
1578,5
1578,11
1578,12
1579,12
1579,36
1579,45
1579,85
1580,21
1580,59
1580,69
1580,92
1580,93
1581,18
1581,38
1581,40
1581,99
1582,23
1582,50
1582,84
1582,94
1583,1
1583,51
1583,64
1583,80
1583,84
1584,19
1584,49
1584,53
1584,99
1585,4
1585,13
1585,43
1585,48
1585,88
1586,3
1586,28
1586,42
1586,47
1586,79
1587,7
1587,37
1587,47
1588,36
1588,38
1588,77
1588,81
1588,97
1589,43
1589,53
1589,59
1589,60
1590,20
1590,69
1590,87
1590,94
1590,96
1591,46
1591,52
1591,54
1591,99
1592,6
1592,24
1592,44
1592,48
1592,98
1593,33
1593,63
1593,71
1594,2
1594,20
1594,84
1594,96
1595,52
1595,90
1595,96
1595,98
1596,3
1596,19
1596,27
1596,78
1597,26
1597,61
1597,71
1597,85
1597,87
1598,12
1598,13
1598,77
1599,28
1599,34
1599,54
1600,26
1600,30
1600,36
1601,6
1601,40
1601,97
1602,3
1602,14
1602,39
1602,43
1602,83
1603,8
1603,17
1603,34
1603,91
1604,0
1604,17
1604,56
1604,58
1604,61
1604,67
1605,49
1605,63
1605,69
1606,8
1606,14
1606,23
1606,24
1606,40
1606,98
1607,22
1607,57
1607,72
1607,83
1607,91
1608,9
1608,11
1608,16
1608,52
1608,61
1609,24
1609,28
1609,29
1609,34
1609,56
1609,90
1610,60
1610,71
1610,72
1610,90
1611,0
1611,12
1611,45
1611,55
1611,75
1611,79
1612,21
1612,38
1612,61
1612,76
1612,88
1613,24
1613,28
1613,32
1613,46
1613,82
1613,85
1614,29
1614,72
1614,99
1615,32
1615,63
1615,74
1616,8
1616,9
1616,85
1616,93
1617,26
1617,27
1617,39
1617,49
1617,60
1617,87
1618,6
1618,11
1618,21
1618,39
1618,83
1618,99
1619,19
1619,23
1619,25
1619,31
1619,48
1619,83
1620,6
1620,10
1620,16
1620,18
1620,39
1620,83
1621,1
1621,21
1621,28
1621,61
1622,2
1622,9
1622,15
1622,33
1622,34
1623,85
1623,86
1623,87
1623,97
1624,16
1624,24
1624,45
1624,59
1624,78
1625,11
1625,36
1625,42
1625,68
1625,92
1626,7
1626,23
1626,38
1626,52
1626,84
1627,6
1627,25
1627,36
1627,46
1627,74
1627,90
1628,27
1628,39
1628,82
1628,85
1629,3
1629,13
1629,28
1629,78
1629,98
1630,61
1630,63
1630,69
1631,2
1631,21
1631,39
1631,59
1631,99
1632,35
1632,56
1632,69
1632,79
1633,4
1633,7
1633,21
1633,53
1633,87
1633,98
1634,16
1634,67
1634,80
1635,7
1635,11
1635,26
1635,42
1635,57
1636,32
1636,40
1636,41
1636,43
1636,61
1636,84
1637,27
1637,36
1637,43
1637,71
1638,1
1638,28
1638,29
1638,92
1639,7
1639,31
1639,81
1640,22
1640,33
1640,39
1641,54
1641,55
1641,73
1641,74
1641,97
1642,19
1642,25
1642,45
1642,52
1642,75
1642,86
1643,10
1643,14
1643,23
1643,57
1643,59
1643,97
1644,7
1644,62
1644,67
1644,97
1645,14
1645,35
1645,49
1645,96
1646,24
1646,68
1646,78
1646,80
1646,86
1647,3
1647,61
1647,83
1647,85
1647,97
1648,21
1648,70
1648,76
1648,89
1649,44
1649,48
1649,64
1649,78
1650,10
1650,12
1650,36
1650,39
1650,83
1650,87
1651,42
1651,62
1651,64
1651,71
1651,80
1651,98
1652,0
1652,7
1652,8
1652,40
1652,46
1652,88
1653,25
1653,39
1653,56
1653,75
1653,95
1654,19
1654,31
1654,38
1654,41
1654,52
1654,74
1655,89
1655,96
1655,99
1656,10
1656,43
1656,97
1657,5
1657,20
1657,40
1657,46
1657,82
1657,98
1658,8
1658,23
1658,24
1658,57
1658,69
1658,83
1659,40
1659,63
1659,78
1659,89
1660,24
1660,38
1660,57
1660,70
1661,2
1661,9
1661,17
1661,77
1661,92
1662,18
1662,60
1662,61
1663,55
1663,64
1663,69
1664,17
1664,20
1664,45
1664,49
1664,55
1665,7
1665,8
1665,12
1665,19
1665,53
1665,96
1666,7
1666,26
1666,48
1666,72
1666,79
1666,80
1667,1
1667,16
1667,18
1667,62
1667,82
1668,26
1668,33
1668,37
1669,10
1669,37
1669,73
1670,4
1670,14
1670,26
1670,49
1670,56
1670,57
1671,19
1671,24
1671,34
1671,86
1672,37
1672,49
1672,63
1672,79
1672,98
1673,32
1673,40
1673,66
1673,75
1673,93
1674,0
1674,6
1674,30
1674,34
1674,61
1674,65
1675,6
1675,57
1675,72
1675,79
1675,94
1676,33
1676,68
1676,86
1677,9
1677,16
1677,40
1677,56
1677,89
1677,92
1678,33
1678,88
1678,93
1679,27
1679,31
1679,37
1679,67
1680,11
1680,48
1680,49
1680,53
1680,59
1681,23
1681,24
1681,77
1681,88
1681,94
1682,48
1682,74
1682,85
1683,11
1683,12
1683,17
1683,33
1683,79
1683,83
1684,14
1684,27
1684,32
1684,85
1684,94
1684,98
1685,1
1685,18
1685,24
1685,45
1685,97
1686,9
1686,30
1686,33
1687,23
1687,49
1687,59
1687,70
1688,16
1688,25
1688,87
1689,16
1689,21
1689,47
1689,48
1689,68
1689,76
1690,49
1690,50
1690,67
1690,68
1690,93
1691,3
1691,4
1691,25
1691,41
1691,78
1692,7
1692,14
1692,28
1692,34
1692,91
1693,29
1693,51
1693,62
1693,71
1694,10
1694,17
1694,55
1694,69
1695,6
1695,19
1695,52
1695,72
1695,93
1695,95
1696,33
1696,69
1696,72
1697,60
1697,64
1697,95
1698,22
1698,83
1698,98
1699,39
1699,68
1699,82
1699,97
1700,4
1700,6
1700,64
1700,70
1700,71
1701,24
1701,39
1701,73
1701,75
1701,82
1701,83
1702,2
1702,26
1702,56
1702,60
1702,74
1702,86
1703,23
1703,29
1703,52
1703,87
1704,1
1704,19
1704,64
1704,91
1705,8
1705,23
1705,83
1705,92
1705,97
1706,9
1706,11
1706,37
1706,83
1706,93
1707,28
1707,47
1707,68
1707,74
1708,8
1708,14
1708,20
1708,32
1708,43
1708,87
1709,3
1709,14
1709,51
1709,89
1709,97
1710,4
1710,18
1710,44
1710,62
1710,66
1711,17
1711,21
1711,25
1711,27
1711,76
1711,98
1712,24
1712,44
1712,63
1712,65
1712,70
1713,24
1713,57
1713,60
1713,76
1713,96
1713,99
1714,76
1714,92
1714,95
1715,9
1715,25
1715,44
1715,84
1715,95
1716,20
1716,31
1716,32
1716,77
1716,84
1717,29
1717,77
1717,88
1718,9
1718,16
1718,21
1718,50
1718,87
1718,89
1719,5
1719,42
1719,49
1719,69
1719,82
1720,88
1720,91
1720,95
1721,8
1721,20
1721,47
1721,49
1721,65
1721,77
1722,2
1722,28
1722,45
1722,74
1722,94
1723,24
1723,32
1723,52
1723,96
1724,51
1724,67
1724,71
1725,8
1725,14
1725,53
1725,59
1725,63
1725,74
1726,47
1726,86
1726,87
1726,90
1727,1
1727,13
1727,63
1727,78
1727,82
1727,83
1728,3
1728,20
1728,64
1728,79
1729,10
1729,34
1729,50
1729,55
1730,17
1730,31
1730,89
1731,64
1731,67
1731,72
1732,11
1732,45
1732,83
1732,98
1733,15
1733,21
1733,73
1734,12
1734,17
1734,25
1734,74
1734,89
1734,96
1735,2
1735,19
1735,44
1735,56
1735,78
1736,1
1736,13
1736,24
1736,56
1736,65
1736,83
1737,9
1737,26
1737,77
1737,93
1738,1
1738,4
1738,20
1738,24
1738,25
1738,74
1739,7
1739,32
1739,33
1739,96
1740,5
1740,16
1740,19
1740,58
1740,68
1740,83
1741,1
1741,10
1741,30
1741,45
1741,60
1741,64
1742,3
1742,12
1742,42
1743,53
1743,64
1743,85
1743,88
1744,16
1744,26
1744,27
1744,33
1745,8
1745,15
1745,39
1745,41
1745,42
1746,11
1746,21
1746,48
1746,65
1746,92
1746,93
1747,40
1747,45
1747,56
1747,69
1747,77
1747,81
1748,0
1748,39
1748,63
1748,93
1748,94
1749,55
1749,70
1749,78
1749,93
1750,5
1750,11
1750,34
1750,69
1750,73
1750,89
1751,53
1751,68
1751,77
1751,84
1751,96
1752,14
1752,18
1752,40
1752,66
1752,96
1753,22
1753,39
1753,63
1753,70
1753,91
1754,11
1754,38
1754,42
1754,55
1754,78
1754,85
1755,4
1755,31
1755,49
1755,67
1756,39
1756,57
1756,61
1756,90
1757,33
1757,40
1757,55
1757,74
1757,95
1758,6
1758,13
1758,24
1758,44
1758,54
1759,30
1759,36
1759,46
1759,51
1760,10
1760,14
1760,61
1760,77
1760,91
1761,6
1761,17
1761,18
1761,22
1761,71
1762,49
1762,54
1762,77
1762,99
1763,24
1763,41
1763,42
1763,49
1763,72
1763,81
1764,8
1764,14
1764,32
1764,38
1764,98
1765,1
1765,3
1765,5
1765,21
1765,87
1765,91
1766,25
1766,31
1766,47
1766,53
1766,63
1767,8
1767,21
1767,22
1767,68
1767,74
1768,5
1768,48
1768,62
1768,82
1768,85
1769,1
1769,7
1769,68
1770,11
1770,41
1770,46
1770,54
1770,62
1770,73
1771,10
1771,11
1771,30
1771,51
1771,76
1771,81
1772,8
1772,47
1772,83
1772,94
1772,98
1773,15
1773,20
1773,30
1773,31
1774,6
1774,22
1774,46
1774,61
1774,84
1775,7
1775,24
1775,68
1776,2
1776,19
1776,31
1776,52
1776,84
1777,17
1777,24
1777,47
1778,45
1778,66
1778,70
1778,80
1778,81
1779,12
1779,15
1779,28
1779,29
1779,41
1779,77
1780,19
1780,25
1780,74
1780,81
1780,91
1781,1
1781,41
1781,46
1781,88
1781,89
1781,95
1782,16
1782,36
1782,39
1782,99
1783,4
1783,9
1783,19
1783,73
1784,15
1784,22
1784,39
1784,76
1784,88
1785,14
1785,26
1785,34
1785,74
1785,87
1786,14
1786,28
1786,63
1786,83
1787,32
1787,74
1787,81
1788,14
1788,44
1788,70
1788,98
1789,54
1789,65
1789,77
1789,95
1790,9
1790,25
1790,86
1791,0
1791,32
1791,47
1791,84
1792,7
1792,16
1792,37
1792,41
1793,6
1793,36
1793,83
1794,5
1794,15
1794,87
1795,12
1795,14
1795,54
1795,60
1795,64
1795,94
1796,6
1796,31
1796,38
1796,76
1796,83
1797,21
1797,30
1797,34
1797,58
1797,66
1797,77
1798,29
1798,47
1798,52
1799,3
1799,10
1799,18
1799,76
1800,80
1800,87
1800,92
1801,27
1801,44
1801,48
1801,64
1802,9
1802,11
1802,30
1802,46
1802,71
1802,76
1803,14
1803,15
1803,24
1803,52
1803,56
1803,91
1804,10
1804,12
1804,17
1804,24
1804,68
1804,91
1805,39
1805,50
1805,66
1805,96
1806,5
1806,9
1806,22
1806,23
1806,34
1807,13
1807,44
1807,53
1807,73
1807,90
1808,0
1808,44
1808,57
1808,82
1808,91
1809,11
1809,18
1809,27
1810,31
1810,32
1810,82
1811,42
1811,66
1811,76
1811,94
1812,20
1812,24
1812,78
1813,58
1813,65
1813,77
1813,90
1814,2
1814,4
1814,11
1814,34
1814,38
1814,57
1815,0
1815,12
1815,40
1815,80
1816,3
1816,23
1816,52
1817,42
1817,56
1817,58
1817,62
1817,74
1817,88
1818,2
1818,36
1818,47
1818,50
1818,74
1818,83
1819,20
1819,60
1819,67
1819,80
1820,0
1820,10
1820,26
1820,44
1820,89
1821,4
1821,43
1821,63
1822,46
1822,69
1822,88
1823,17
1823,38
1823,67
1823,85
1823,88
1824,19
1824,38
1824,56
1825,1
1825,15
1825,23
1825,36
1825,50
1826,15
1826,16
1826,34
1826,57
1826,94
1827,3
1827,57
1827,70
1827,74
1827,91
1827,93
1828,16
1828,19
1828,21
1828,30
1828,55
1828,61
1829,12
1829,20
1829,22
1829,29
1830,1
1830,10
1830,26
1830,62
1830,82
1830,83
1831,4
1831,28
1831,62
1831,73
1831,79
1832,7
1832,35
1832,38
1832,71
1833,26
1833,80
1833,92
1834,59
1834,81
1834,84
1834,92
1834,93
1835,25
1835,31
1835,37
1835,80
1836,12
1836,13
1836,22
1836,47
1836,78
1836,89
1837,21
1837,40
1837,47
1837,67
1837,71
1838,14
1838,30
1838,58
1838,95
1839,3
1839,31
1839,65
1840,6
1840,27
1840,32
1840,60
1840,84
1841,38
1841,48
1841,63
1841,74
1841,77
1842,34
1842,41
1842,46
1842,48
1843,28
1843,38
1843,47
1843,86
1844,0
1844,27
1844,36
1844,38
1844,65
1844,85
1845,4
1845,31
1845,41
1845,71
1845,93
1845,96
1846,6
1846,15
1846,33
1846,63
1846,66
1847,12
1847,16
1847,49
1848,9
1848,62
1848,76
1848,77
1848,90
1848,95
1849,48
1849,64
1849,99
1850,24
1850,73
1850,93
1850,95
1851,2
1851,45
1851,72
1851,83
1852,1
1852,26
1852,32
1852,39
1852,49
1852,61
1853,8
1853,21
1853,36
1853,58
1853,61
1854,27
1854,35
1854,41
1854,86
1855,21
1855,51
1855,88
1856,8
1856,30
1856,34
1856,53
1856,95
1857,10
1857,22
1857,50
1857,71
1857,87
1857,97
1858,47
1858,73
1858,77
1858,86
1859,11
1859,26
1859,60
1859,65
1859,86
1859,99
1860,22
1860,46
1860,66
1860,69
1860,98
1861,27
1861,47
1861,70
1861,78
1861,96
1862,5
1862,38
1862,39
1862,53
1862,90
1863,3
1863,43
1863,78
1864,34
1864,66
1864,79
1864,91
1864,97
1865,1
1865,8
1865,24
1865,38
1865,44
1866,5
1866,16
1866,48
1866,62
1867,0
1867,43
1867,83
1868,43
1868,46
1868,69
1869,22
1869,26
1869,51
1869,58
1869,96
1869,98
1870,8
1870,26
1870,54
1870,68
1870,96
1871,1
1871,7
1871,10
1871,32
1872,10
1872,29
1872,45
1872,47
1872,71
1872,82
1873,21
1873,35
1873,74
1873,77
1873,93
1874,25
1874,27
1874,83
1875,6
1875,15
1875,57
1875,58
1875,61
1876,13
1876,30
1876,36
1876,37
1876,69
1877,11
1877,21
1877,31
1877,76
1878,15
1878,51
1878,57
1878,96
1879,3
1879,11
1879,22
1879,85
1880,8
1880,33
1880,57
1880,85
1880,93
1880,96
1881,9
1881,30
1881,78
1881,81
1882,32
1882,53
1882,71
1882,87
1882,91
1882,95
1883,23
1883,29
1883,51
1883,59
1883,63
1884,27
1884,49
1884,53
1884,62
1884,87
1884,93
1885,4
1885,23
1885,52
1885,59
1885,89
1885,96
1886,6
1886,36
1886,85
1886,90
1887,2
1887,22
1887,74
1887,99
1888,17
1888,40
1888,43
1889,38
1889,44
1889,60
1889,61
1889,80
1889,84
1890,10
1890,15
1890,79
1890,95
1890,97
1891,9
1891,52
1891,57
1892,3
1892,45
1892,77
1893,11
1893,28
1893,31
1894,5
1894,65
1894,92
1894,96
1895,17
1895,61
1895,63
1895,97
1896,4
1896,43
1896,47
1896,66
1897,13
1897,24
1897,33
1897,45
1897,97
1898,33
1898,35
1898,49
1898,90
1898,96
1898,97
1899,7
1899,91
1899,95
1900,58
1900,60
1900,97
1900,99
1901,8
1901,15
1901,37
1901,42
1901,72
1901,92
1902,10
1902,65
1902,84
1903,10
1903,23
1903,31
1903,67
1903,83
1903,99
1904,3
1904,37
1904,39
1905,11
1905,41
1905,53
1905,56
1905,76
1905,87
1906,9
1906,66
1906,67
1906,75
1907,23
1907,25
1907,44
1907,73
1907,75
1907,85
1908,20
1908,35
1908,40
1908,66
1908,74
1908,87
1909,11
1909,15
1909,88
1910,2
1910,11
1910,43
1910,47
1910,83
1910,86
1911,11
1911,26
1911,82
1911,83
1911,98
1912,6
1912,58
1912,62
1913,35
1913,38
1913,57
1913,61
1913,94
1913,97
1914,5
1914,10
1914,15
1914,20
1914,25
1915,11
1915,75
1915,80
1916,10
1916,33
1916,58
1916,63
1917,8
1917,11
1917,85
1918,30
1918,61
1918,65
1919,21
1919,29
1919,37
1919,52
1919,55
1919,62
1920,39
1920,64
1920,88
1920,95
1920,96
1921,30
1921,49
1921,89
1922,57
1922,65
1922,72
1923,59
1923,69
1923,89
1924,6
1924,18
1924,40
1924,68
1924,84
1924,95
1925,22
1925,35
1925,93
1926,5
1926,44
1926,58
1926,78
1926,99
1927,3
1927,10
1927,21
1927,40
1927,82
1927,97
1928,30
1928,38
1928,63
1928,93
1929,16
1929,39
1929,81
1929,94
1930,21
1930,24
1930,27
1930,77
1930,81
1930,86
1931,27
1931,40
1931,72
1931,85
1931,98
1932,4
1932,37
1932,51
1932,58
1932,92
1932,93
1933,4
1933,12
1933,30
1933,49
1933,61
1933,70
1934,13
1934,56
1934,77
1934,80
1934,83
1934,87
1935,22
1935,36
1935,43
1935,62
1935,71
1935,82
1936,10
1936,84
1936,89
1937,13
1937,16
1937,94
1937,98
1938,50
1938,53
1938,71
1938,86
1938,90
1939,9
1939,31
1939,49
1940,14
1940,24
1940,42
1940,82
1941,1
1941,20
1941,21
1941,61
1941,63
1941,90
1942,18
1942,41
1942,82
1942,99
1943,0
1943,14
1943,22
1943,92
1944,28
1944,56
1944,69
1945,31
1945,83
1945,90
1946,2
1946,14
1946,16
1946,29
1946,66
1947,25
1947,30
1947,37
1947,41
1947,63
1947,89
1948,15
1948,20
1948,34
1948,48
1948,83
1948,89
1949,30
1949,46
1949,56
1949,67
1949,79
1949,88
1950,1
1950,46
1950,83
1950,85
1951,2
1951,9
1951,15
1951,75
1952,42
1952,48
1952,54
1952,80
1952,89
1952,96
1953,0
1953,5
1953,57
1953,62
1953,69
1954,0
1954,35
1954,65
1954,72
1955,49
1955,57
1955,65
1955,66
1955,91
1956,0
1956,2
1956,48
1956,59
1957,9
1957,28
1957,72
1958,54
1958,60
1958,77
1959,10
1959,39
1959,49
1959,52
1959,79
1959,97
1960,47
1960,69
1960,98
1961,12
1961,54
1961,55
1961,98
1962,25
1962,30
1962,56
1962,57
1963,66
1963,73
1963,74
1964,42
1964,55
1964,99
1965,18
1965,49
1965,82
1966,10
1966,25
1966,68
1966,69
1966,75
1966,85
1967,15
1967,27
1967,81
1968,33
1968,43
1968,66
1968,89
1969,3
1969,36
1969,43
1970,12
1970,23
1970,43
1970,47
1970,53
1970,88
1971,0
1971,22
1971,25
1971,46
1971,64
1971,68
1972,12
1972,24
1972,74
1972,80
1973,20
1973,24
1973,50
1973,73
1974,32
1974,49
1974,67
1975,66
1975,68
1975,82
1975,91
1976,3
1976,9
1976,43
1976,67
1976,99
1977,12
1977,15
1977,24
1977,66
1978,22
1978,33
1978,48
1978,57
1978,88
1979,16
1979,27
1979,30
1979,77
1979,78
1980,8
1980,17
1980,34
1980,54
1981,4
1981,14
1981,24
1981,44
1981,96
1982,17
1982,39
1982,50
1982,93
1983,10
1983,18
1983,45
1983,77
1984,36
1984,48
1984,60
1984,64
1984,79
1984,80
1985,6
1985,22
1985,49
1985,77
1985,82
1986,10
1986,43
1986,54
1986,69
1986,79
1987,32
1987,33
1987,73
1988,64
1988,69
1988,74
1988,76
1989,7
1989,43
1989,57
1989,61
1989,64
1989,67
1990,40
1990,61
1990,75
1990,79
1990,88
1990,91
1991,24
1991,57
1991,64
1992,19
1992,44
1992,57
1992,95
1992,98
1993,2
1993,6
1993,26
1993,60
1993,63
1993,83
1994,47
1994,53
1994,65
1994,70
1994,98
1995,1
1995,9
1995,43
1995,74
1995,85
1995,90
1996,8
1996,21
1996,29
1996,47
1996,76
1996,87
1997,38
1997,44
1997,52
1997,62
1998,1
1998,8
1998,16
1998,43
1998,98
1999,9
1999,29
1999,48
1999,66
1999,69
1999,87
